-- phpMyAdmin SQL Dump
-- version 4.7.4
-- https://www.phpmyadmin.net/
--
-- Host: 127.0.0.1
-- Generation Time: May 27, 2018 at 01:07 PM
-- Server version: 10.1.28-MariaDB
-- PHP Version: 7.1.10

SET SQL_MODE = "NO_AUTO_VALUE_ON_ZERO";
SET AUTOCOMMIT = 0;
START TRANSACTION;
SET time_zone = "+00:00";


/*!40101 SET @OLD_CHARACTER_SET_CLIENT=@@CHARACTER_SET_CLIENT */;
/*!40101 SET @OLD_CHARACTER_SET_RESULTS=@@CHARACTER_SET_RESULTS */;
/*!40101 SET @OLD_COLLATION_CONNECTION=@@COLLATION_CONNECTION */;
/*!40101 SET NAMES utf8mb4 */;

--
-- Database: `yiyalo`
--

-- --------------------------------------------------------

--
-- Table structure for table `migrations`
--

CREATE TABLE `migrations` (
  `id` int(10) UNSIGNED NOT NULL,
  `migration` varchar(191) COLLATE utf8mb4_unicode_ci NOT NULL,
  `batch` int(11) NOT NULL
) ENGINE=InnoDB DEFAULT CHARSET=utf8mb4 COLLATE=utf8mb4_unicode_ci;

--
-- Dumping data for table `migrations`
--

INSERT INTO `migrations` (`id`, `migration`, `batch`) VALUES
(1, '2014_10_12_000000_create_users_table', 1),
(2, '2014_10_12_100000_create_password_resets_table', 1),
(3, '2018_05_27_094749_create_products_table', 1),
(4, '2018_05_27_094820_create_reviews_table', 1);

-- --------------------------------------------------------

--
-- Table structure for table `password_resets`
--

CREATE TABLE `password_resets` (
  `email` varchar(191) COLLATE utf8mb4_unicode_ci NOT NULL,
  `token` varchar(191) COLLATE utf8mb4_unicode_ci NOT NULL,
  `created_at` timestamp NULL DEFAULT NULL
) ENGINE=InnoDB DEFAULT CHARSET=utf8mb4 COLLATE=utf8mb4_unicode_ci;

-- --------------------------------------------------------

--
-- Table structure for table `products`
--

CREATE TABLE `products` (
  `id` int(10) UNSIGNED NOT NULL,
  `name` varchar(191) COLLATE utf8mb4_unicode_ci NOT NULL,
  `detail` mediumtext COLLATE utf8mb4_unicode_ci NOT NULL,
  `year` int(11) NOT NULL,
  `price` int(11) NOT NULL,
  `discount` int(11) NOT NULL,
  `created_at` timestamp NULL DEFAULT NULL,
  `updated_at` timestamp NULL DEFAULT NULL
) ENGINE=InnoDB DEFAULT CHARSET=utf8mb4 COLLATE=utf8mb4_unicode_ci;

--
-- Dumping data for table `products`
--

INSERT INTO `products` (`id`, `name`, `detail`, `year`, `price`, `discount`, `created_at`, `updated_at`) VALUES
(1, 'itaque', 'Id voluptatibus rerum perspiciatis non veritatis eligendi beatae. Est aut vitae distinctio sequi hic. Rem corporis ea blanditiis. Possimus eum blanditiis aut aut rerum dignissimos iure dolores.', 1917, 94, 16, '2018-05-27 03:02:31', '2018-05-27 03:02:31'),
(2, 'error', 'Qui maxime sapiente nulla totam consequatur perspiciatis. Fugiat in pariatur quo ea non pariatur quod. Eos aut omnis facere ut modi temporibus ut fuga. At ipsa consectetur dolor occaecati fugit saepe dignissimos.', 1964, 271, 17, '2018-05-27 03:02:31', '2018-05-27 03:02:31'),
(3, 'officia', 'Et voluptas molestiae qui velit ut voluptatem consequuntur. Qui quos sed non qui. Quia consequatur earum mollitia.', 1996, 231, 18, '2018-05-27 03:02:31', '2018-05-27 03:02:31'),
(4, 'exercitationem', 'Nihil impedit ea molestiae illum exercitationem libero. Ut voluptatibus possimus voluptas nisi sit illo qui ut. Est eum nulla vel recusandae ut nostrum ut. Rerum amet nemo debitis repellat qui rem aspernatur.', 1929, 234, 37, '2018-05-27 03:02:31', '2018-05-27 03:02:31'),
(5, 'inventore', 'Exercitationem dicta omnis aliquam molestiae. Accusamus voluptatem sit voluptates quo eum deserunt veritatis. Et sit incidunt sed.', 1945, 71, 34, '2018-05-27 03:02:32', '2018-05-27 03:02:32'),
(6, 'dolorem', 'Aspernatur libero iste illo distinctio. Aperiam velit qui magnam asperiores sit sit rerum. Et illo quam quis vero aliquam. Accusantium blanditiis eius voluptates dolores laborum.', 1951, 395, 43, '2018-05-27 03:02:32', '2018-05-27 03:02:32'),
(7, 'laborum', 'Placeat quaerat doloremque aperiam pariatur eum accusamus. Veritatis voluptas aspernatur blanditiis id. Rem eos qui autem est voluptas sapiente.', 1900, 65, 10, '2018-05-27 03:02:32', '2018-05-27 03:02:32'),
(8, 'consequatur', 'Doloribus velit est sequi eos mollitia. Aspernatur aut sit molestiae incidunt. A maxime voluptas odio perferendis hic. Sit vel doloremque maxime et minima vel quod. Non natus dolores aut quis vel qui.', 1957, 208, 28, '2018-05-27 03:02:32', '2018-05-27 03:02:32'),
(9, 'adipisci', 'Necessitatibus asperiores nobis voluptatem voluptatem. Soluta nesciunt ut atque voluptas quam perferendis. Dicta et et repudiandae voluptas placeat eum soluta. Mollitia deleniti porro magni dolorem impedit.', 1920, 266, 5, '2018-05-27 03:02:32', '2018-05-27 03:02:32'),
(10, 'excepturi', 'Voluptatem non magnam corporis nam magni. Voluptas fugiat perspiciatis id earum aut. Quia esse sequi ea aut vero incidunt. Debitis voluptatibus distinctio ducimus eum.', 1959, 298, 35, '2018-05-27 03:02:32', '2018-05-27 03:02:32'),
(11, 'asperiores', 'Molestiae omnis in explicabo qui magnam suscipit minima quo. Qui unde voluptatem cupiditate labore aut enim et quae.', 1996, 199, 12, '2018-05-27 03:02:32', '2018-05-27 03:02:32'),
(12, 'distinctio', 'Consequatur placeat non blanditiis tempore dolor. Autem reprehenderit et inventore similique sequi quidem odit. Exercitationem libero autem temporibus quas. Est ut consequatur qui suscipit alias beatae illo itaque.', 1964, 329, 16, '2018-05-27 03:02:32', '2018-05-27 03:02:32'),
(13, 'iste', 'Non laboriosam ullam amet. Ipsum quo distinctio consequatur sit sit provident iste. Neque molestias vero pariatur nisi.', 1930, 270, 34, '2018-05-27 03:02:32', '2018-05-27 03:02:32'),
(14, 'laborum', 'Et et sint harum vel error quam nostrum quis. Molestiae consectetur cumque repudiandae ipsum minus. Labore expedita omnis ea.', 1944, 290, 50, '2018-05-27 03:02:32', '2018-05-27 03:02:32'),
(15, 'voluptatem', 'Dolorum eligendi libero perferendis quia nam voluptatem qui. Est dolorum eaque accusamus. Sapiente nesciunt quaerat fugit vel itaque et. Velit quia illo ab architecto corporis.', 1905, 309, 25, '2018-05-27 03:02:32', '2018-05-27 03:02:32'),
(16, 'quo', 'Corporis voluptate qui et libero saepe ab eum minima. Consequatur tempore aut sunt id quam voluptates. Ullam ipsa corporis at sed deserunt ab. Omnis impedit et omnis nam sed et. Perferendis aut aliquam dolore occaecati aperiam.', 1994, 140, 16, '2018-05-27 03:02:32', '2018-05-27 03:02:32'),
(17, 'nihil', 'Expedita esse sed sunt animi quaerat itaque et. Architecto voluptatibus sapiente consequatur. Quibusdam inventore suscipit magnam et eos eligendi ut.', 2000, 83, 3, '2018-05-27 03:02:32', '2018-05-27 03:02:32'),
(18, 'praesentium', 'Quo totam amet facere et. Ipsa nostrum dolor labore. Enim debitis omnis tempora praesentium quisquam et. Ipsam voluptas atque nisi.', 1979, 165, 14, '2018-05-27 03:02:32', '2018-05-27 03:02:32'),
(19, 'necessitatibus', 'Voluptas rerum cupiditate molestiae cupiditate autem est. Eligendi exercitationem consequatur suscipit dicta. Soluta rerum atque a enim voluptates blanditiis. Voluptates numquam aliquid adipisci veniam minima. Est tenetur ea aperiam esse eum.', 1917, 116, 9, '2018-05-27 03:02:32', '2018-05-27 03:02:32'),
(20, 'quisquam', 'Ea quo sed blanditiis voluptatem exercitationem necessitatibus voluptatem. Debitis mollitia ipsam laboriosam aut voluptatem tenetur reiciendis. Et dolorem tempora laborum ratione atque.', 1901, 35, 2, '2018-05-27 03:02:32', '2018-05-27 03:02:32'),
(21, 'quasi', 'Soluta laborum et sapiente cupiditate. Quis ratione suscipit rerum ipsum laborum. Provident ratione officia quia itaque. Enim qui tenetur atque.', 1936, 278, 22, '2018-05-27 03:02:32', '2018-05-27 03:02:32'),
(22, 'quia', 'Molestias sint totam mollitia modi tempore id. Odio dolorem odio dolorem recusandae asperiores id magnam. Rerum quaerat eum accusantium a. In animi quia vitae voluptatem aut in tempore.', 1995, 202, 14, '2018-05-27 03:02:32', '2018-05-27 03:02:32'),
(23, 'sit', 'Consequatur eius nam animi rerum quia architecto eaque. Fugit nihil voluptates excepturi. Fugiat laborum ut quo unde sed et quis. Cupiditate commodi nemo et et vel dicta accusantium.', 1993, 116, 36, '2018-05-27 03:02:32', '2018-05-27 03:02:32'),
(24, 'et', 'Voluptatem et commodi et. Veniam est animi voluptates qui aliquid non et adipisci. Qui eum necessitatibus ut.', 1924, 235, 18, '2018-05-27 03:02:32', '2018-05-27 03:02:32'),
(25, 'in', 'Laboriosam officia excepturi vitae pariatur voluptas omnis. Ratione placeat possimus harum et dolorum repudiandae. Nihil ullam velit eos.', 1918, 176, 48, '2018-05-27 03:02:32', '2018-05-27 03:02:32'),
(26, 'placeat', 'Labore dolores blanditiis rerum et eum. Ipsa sit qui suscipit minus animi amet. Delectus expedita dolores ipsum natus sit occaecati aperiam.', 1976, 231, 38, '2018-05-27 03:02:32', '2018-05-27 03:02:32'),
(27, 'quo', 'Maiores quas praesentium corrupti. Ut ut laudantium cumque expedita ut odit sed voluptatem. Molestiae molestiae et inventore.', 1992, 386, 32, '2018-05-27 03:02:32', '2018-05-27 03:02:32'),
(28, 'rerum', 'Quis esse saepe vitae nobis. Ut similique veritatis officia veniam corrupti asperiores. Placeat eos qui iure.', 1975, 299, 11, '2018-05-27 03:02:32', '2018-05-27 03:02:32'),
(29, 'quibusdam', 'Fuga sapiente est et consequuntur. Autem voluptates ipsum autem accusamus dolorem et ratione. Repudiandae reprehenderit vel eveniet sapiente nihil.', 2002, 385, 48, '2018-05-27 03:02:33', '2018-05-27 03:02:33'),
(30, 'natus', 'Minima porro ut velit omnis dicta a. Est et libero sed et nam voluptas ipsum recusandae.', 1937, 122, 9, '2018-05-27 03:02:33', '2018-05-27 03:02:33'),
(31, 'sed', 'Dolore doloribus voluptatem et vel sint ut. At vel in officia ex dicta. Unde illo molestiae est et odio voluptatem.', 1924, 229, 49, '2018-05-27 03:02:33', '2018-05-27 03:02:33'),
(32, 'at', 'Voluptas qui qui ad dicta molestias. Beatae consequatur officiis recusandae voluptates exercitationem cupiditate. In ut laudantium accusantium fuga minima voluptates.', 1907, 170, 3, '2018-05-27 03:02:33', '2018-05-27 03:02:33'),
(33, 'est', 'Et non et quia voluptate. Temporibus at eos quia molestiae necessitatibus.', 1979, 94, 20, '2018-05-27 03:02:33', '2018-05-27 03:02:33'),
(34, 'alias', 'Perspiciatis eaque eveniet velit rerum temporibus. Voluptatum sint voluptatum omnis quia velit dolores dolor quae. Veniam voluptatem fugiat quia maxime sequi fugiat.', 2009, 21, 16, '2018-05-27 03:02:33', '2018-05-27 03:02:33'),
(35, 'ullam', 'Quidem dolore et minima et voluptas molestiae. Quidem sit rem minima minus omnis maxime soluta. Quis ducimus quo velit molestiae illum vitae. Dolorem aut qui cum ab qui et. Quia quibusdam voluptatem excepturi eos autem laborum esse.', 1930, 237, 46, '2018-05-27 03:02:33', '2018-05-27 03:02:33'),
(36, 'aliquid', 'In eum voluptas dolores inventore. Non ea perspiciatis atque in maiores laboriosam recusandae. Et rerum non soluta in veniam deserunt quia.', 1911, 375, 37, '2018-05-27 03:02:33', '2018-05-27 03:02:33'),
(37, 'itaque', 'Facere minima consectetur quia a iure dolorem. Quis non magni enim cum quas eveniet est et. Quo perferendis sequi eum tempore. Culpa qui aut dolor esse qui sunt corporis eligendi.', 1988, 327, 21, '2018-05-27 03:02:33', '2018-05-27 03:02:33'),
(38, 'eum', 'Dignissimos sed dolorem doloribus quam dignissimos nemo. Eos distinctio corporis est dolorem enim accusantium.', 1948, 352, 21, '2018-05-27 03:02:33', '2018-05-27 03:02:33'),
(39, 'et', 'Excepturi ut ea expedita cupiditate cupiditate. Adipisci ea commodi dicta repellendus. Distinctio sed aut sunt est. Nemo libero natus velit voluptatem minus labore. Id numquam vero amet quia ea aut.', 1949, 211, 11, '2018-05-27 03:02:33', '2018-05-27 03:02:33'),
(40, 'itaque', 'Laborum inventore dolorem quo amet veritatis molestiae. Iusto ab suscipit laboriosam modi qui ut est aut. Omnis voluptas doloremque minima minus sed.', 2015, 376, 39, '2018-05-27 03:02:33', '2018-05-27 03:02:33'),
(41, 'dolor', 'Ipsam et voluptatibus unde eum enim non illum. Sint qui totam libero non eligendi ducimus. Cupiditate quod explicabo voluptatum optio eos beatae. Qui a veritatis qui nam.', 1912, 392, 26, '2018-05-27 03:02:33', '2018-05-27 03:02:33'),
(42, 'eum', 'Et laboriosam a a dolor velit maiores. Aut quam deleniti qui atque a. Temporibus non voluptas et tempora odit ut dolorem id.', 1904, 96, 47, '2018-05-27 03:02:33', '2018-05-27 03:02:33'),
(43, 'voluptatibus', 'Dolores dignissimos corrupti error. Corporis non expedita nostrum dolorem. Id consequuntur maxime aperiam eum doloremque veniam expedita.', 1921, 273, 31, '2018-05-27 03:02:33', '2018-05-27 03:02:33'),
(44, 'alias', 'Consequuntur quam dignissimos sed accusamus. Ut error voluptatem commodi esse eum mollitia. Porro sint illum minus quasi assumenda et ullam.', 1960, 350, 24, '2018-05-27 03:02:33', '2018-05-27 03:02:33'),
(45, 'aperiam', 'Labore et labore inventore. Magni praesentium hic magni quis tempore occaecati harum. Quasi voluptatem fugit et minima doloremque animi tempora.', 1987, 239, 10, '2018-05-27 03:02:33', '2018-05-27 03:02:33'),
(46, 'consequatur', 'Consectetur aperiam molestiae non saepe iste corrupti. Distinctio non impedit vitae aliquam consequatur laborum suscipit. Dolorum laborum rerum omnis et. Ratione omnis atque consequuntur. Corrupti possimus ducimus fugiat consectetur.', 1933, 111, 33, '2018-05-27 03:02:33', '2018-05-27 03:02:33'),
(47, 'necessitatibus', 'Et quia eum neque distinctio in itaque natus. Corporis eos quis maxime vero corporis. Sequi eligendi deserunt tempora aut ut accusamus reprehenderit. Rerum mollitia et qui consequatur omnis. Tempore necessitatibus laborum ad aliquid.', 1970, 228, 12, '2018-05-27 03:02:33', '2018-05-27 03:02:33'),
(48, 'omnis', 'Aliquid laborum sapiente voluptas ea. Laudantium eos consequatur ad velit odio deleniti aut. Qui ex adipisci sapiente assumenda qui accusantium. Expedita dolorum occaecati pariatur.', 1917, 354, 30, '2018-05-27 03:02:33', '2018-05-27 03:02:33'),
(49, 'rerum', 'Doloribus ut sed saepe officia blanditiis repudiandae. Similique quae adipisci delectus delectus. Impedit reprehenderit et nihil ab. Sed repudiandae et sed laboriosam.', 1991, 117, 18, '2018-05-27 03:02:33', '2018-05-27 03:02:33'),
(50, 'ut', 'Sed quos accusantium dicta consequatur nam assumenda delectus. Voluptatem qui sed possimus non voluptatem blanditiis tenetur. Laborum iure temporibus et iste. Accusamus omnis et delectus nulla maiores.', 1902, 218, 24, '2018-05-27 03:02:33', '2018-05-27 03:02:33');

-- --------------------------------------------------------

--
-- Table structure for table `reviews`
--

CREATE TABLE `reviews` (
  `id` int(10) UNSIGNED NOT NULL,
  `product_id` int(10) UNSIGNED NOT NULL,
  `customer` varchar(191) COLLATE utf8mb4_unicode_ci NOT NULL,
  `review` mediumtext COLLATE utf8mb4_unicode_ci NOT NULL,
  `rating` int(11) NOT NULL,
  `created_at` timestamp NULL DEFAULT NULL,
  `updated_at` timestamp NULL DEFAULT NULL
) ENGINE=InnoDB DEFAULT CHARSET=utf8mb4 COLLATE=utf8mb4_unicode_ci;

--
-- Dumping data for table `reviews`
--

INSERT INTO `reviews` (`id`, `product_id`, `customer`, `review`, `rating`, `created_at`, `updated_at`) VALUES
(1, 34, 'Dr. Joanne Spinka', 'Quam amet voluptatem tempore. Ut et aut eius quidem. Asperiores fugiat sed autem ullam. Porro accusamus ea consequatur.', 4, '2018-05-27 03:02:34', '2018-05-27 03:02:34'),
(2, 43, 'Elizabeth Keebler', 'Voluptas dolorem debitis enim aut cumque incidunt recusandae. Officia repellendus ipsam eum non nihil vitae. Vel dolorum cumque doloremque iste consequatur et. Placeat repellat perspiciatis odio eos.', 4, '2018-05-27 03:02:34', '2018-05-27 03:02:34'),
(3, 32, 'Sid Pacocha', 'Est voluptatem sit perspiciatis eligendi facere dolorum. Ipsum rem facere eos sapiente assumenda facere fuga. Dolor ipsam et ratione aut veniam. Et omnis incidunt quas non et ipsam aliquam eveniet.', 2, '2018-05-27 03:02:34', '2018-05-27 03:02:34'),
(4, 12, 'Vidal Weimann', 'Debitis mollitia cupiditate ratione mollitia qui. Numquam autem aspernatur ipsum dolore minima doloremque nemo. Quam repudiandae debitis et.', 3, '2018-05-27 03:02:34', '2018-05-27 03:02:34'),
(5, 48, 'Prof. Casper O\'Keefe PhD', 'Quisquam qui itaque aspernatur est quia sit quasi. Ut tempore sed officiis distinctio error commodi. Possimus impedit et sunt est. Eligendi iusto totam velit eius omnis.', 4, '2018-05-27 03:02:34', '2018-05-27 03:02:34'),
(6, 42, 'Alexys Koss', 'Odit quaerat qui sint vitae. Sunt asperiores saepe non aliquam similique id quidem suscipit. Necessitatibus et nostrum iste qui fuga. Earum consequatur amet commodi.', 4, '2018-05-27 03:02:34', '2018-05-27 03:02:34'),
(7, 7, 'Fannie McDermott', 'Voluptatem laudantium aut perferendis reiciendis et aut voluptatem. Repellat nisi aliquam et error labore et. Eaque et ut nulla doloremque. Ut porro et quia rerum ut vero.', 2, '2018-05-27 03:02:34', '2018-05-27 03:02:34'),
(8, 33, 'Mrs. Brittany Reilly', 'Nemo quis ut tempora atque ipsa. Voluptatum molestias beatae quia totam. Molestiae eaque molestiae quia ut voluptatem natus perspiciatis.', 1, '2018-05-27 03:02:34', '2018-05-27 03:02:34'),
(9, 3, 'Tressa Morar', 'Quidem fugit earum neque voluptatum corporis. In a vel adipisci aut error. Aut quisquam nobis non laborum. Cum asperiores qui ipsam quidem dolor est voluptatum est.', 5, '2018-05-27 03:02:34', '2018-05-27 03:02:34'),
(10, 13, 'Bobbie Stokes', 'Est animi eaque nostrum culpa odit sequi nam. Ratione est laudantium ab est hic. Inventore natus consectetur ut quis et voluptatum in fugit. Ut aut ipsum quos animi quibusdam debitis eos.', 0, '2018-05-27 03:02:34', '2018-05-27 03:02:34'),
(11, 38, 'Peyton Auer', 'Eveniet vero voluptas dolorum consequatur id. Rem est qui pariatur dolorum dolorem eum. Voluptas rerum et reiciendis eius et ad sapiente. Et et eius ut quisquam qui reiciendis veritatis perferendis. Est libero est vitae nam autem placeat dicta.', 1, '2018-05-27 03:02:34', '2018-05-27 03:02:34'),
(12, 20, 'Noemi Trantow', 'Facilis occaecati ipsum accusantium ratione quae illo accusantium. Dolores non maxime voluptatem quam deserunt blanditiis. Nobis labore magnam incidunt veritatis est aut blanditiis qui. Et alias aut delectus qui maiores.', 1, '2018-05-27 03:02:34', '2018-05-27 03:02:34'),
(13, 10, 'Alanna Bernier', 'Impedit quas suscipit ut quibusdam. Accusantium omnis iure libero molestiae fugiat. Quis quaerat dolorum voluptates illum quibusdam id enim. Doloribus optio aliquid dolores aspernatur excepturi aspernatur vitae.', 4, '2018-05-27 03:02:34', '2018-05-27 03:02:34'),
(14, 34, 'Harmony Koss', 'Fugiat voluptatum molestiae explicabo consectetur fugiat et. Sunt consequuntur animi officia est.', 5, '2018-05-27 03:02:34', '2018-05-27 03:02:34'),
(15, 4, 'Santos Gislason', 'Et in necessitatibus sed ad qui reprehenderit. Et et quam quia accusamus. Qui dolores sed inventore id quidem itaque corrupti.', 3, '2018-05-27 03:02:34', '2018-05-27 03:02:34'),
(16, 16, 'Thomas Pagac Sr.', 'Aperiam ut et velit rerum quia non et. Nulla tempore rerum rerum sed corrupti. Corporis et alias non ipsa quae est.', 2, '2018-05-27 03:02:35', '2018-05-27 03:02:35'),
(17, 46, 'Elfrieda Jakubowski DDS', 'Animi minus ab maiores ut tempore. Ducimus quibusdam adipisci corrupti. Nostrum iusto labore rerum ut sit tempora maiores.', 0, '2018-05-27 03:02:35', '2018-05-27 03:02:35'),
(18, 5, 'Miss Heloise Flatley', 'Voluptatem accusamus voluptatem minima libero omnis ipsa. Porro hic aut fugiat optio doloribus numquam. Sint eligendi minus voluptatem sed ut. Sit tempore officiis aliquam aut dignissimos optio.', 3, '2018-05-27 03:02:35', '2018-05-27 03:02:35'),
(19, 33, 'Mr. Karson Kris IV', 'Et esse sint sit corrupti ullam numquam. Error architecto praesentium quis repellat voluptatem. Odio qui non reiciendis placeat.', 5, '2018-05-27 03:02:35', '2018-05-27 03:02:35'),
(20, 3, 'Mr. Hassan Jerde', 'Temporibus deleniti quas quasi quibusdam ut reprehenderit. Nostrum veniam molestiae maiores quia sint ea.', 3, '2018-05-27 03:02:35', '2018-05-27 03:02:35'),
(21, 35, 'Yesenia Buckridge', 'Mollitia dolores illo sint at. Repudiandae nihil saepe eum nesciunt autem eligendi. Voluptatibus dolorum quia animi nihil amet.', 3, '2018-05-27 03:02:35', '2018-05-27 03:02:35'),
(22, 49, 'Dr. Isabella Glover Sr.', 'Cum unde tempore numquam molestiae. Aut dicta incidunt neque quo quos enim.', 4, '2018-05-27 03:02:35', '2018-05-27 03:02:35'),
(23, 15, 'Elinor Quitzon', 'Maxime pariatur accusamus quos incidunt quo. Nesciunt quisquam blanditiis ut aut excepturi vel nihil. Id et voluptas qui laboriosam quidem voluptas qui. Et est odio sunt. Fugiat excepturi animi velit nobis repellendus totam aut repellendus.', 1, '2018-05-27 03:02:35', '2018-05-27 03:02:35'),
(24, 6, 'Dr. Clare Kessler', 'Ullam magni nisi inventore in aliquam amet. Quos quia nihil enim ab harum ut et. Ipsum itaque suscipit qui vel alias vitae numquam.', 5, '2018-05-27 03:02:35', '2018-05-27 03:02:35'),
(25, 6, 'Chandler Kozey', 'Dolorum nemo possimus temporibus voluptatem. Ut alias excepturi quasi sit ea quos ut excepturi. Et et id corrupti quibusdam eveniet qui. Velit aspernatur est cumque suscipit error assumenda est. Voluptas facere excepturi ab recusandae eos tempore.', 2, '2018-05-27 03:02:35', '2018-05-27 03:02:35'),
(26, 24, 'Dr. Raquel Mraz', 'Officia officiis quis non eos fuga. Quas velit ratione nulla numquam. Minima non fuga cumque quibusdam quia.', 1, '2018-05-27 03:02:35', '2018-05-27 03:02:35'),
(27, 43, 'Casimir Ernser', 'Eos ut voluptas sapiente magni. Quia minus vero maxime. Necessitatibus ipsum dolore fugit enim aut ipsam. Unde reprehenderit qui et libero velit laborum. Dolorem occaecati consequatur inventore dolor.', 4, '2018-05-27 03:02:35', '2018-05-27 03:02:35'),
(28, 37, 'Lyda Flatley', 'Totam distinctio molestiae aut voluptatem qui. Sit magnam mollitia et officiis rerum doloremque autem. Veniam ab earum voluptas est a dolore quod. Magnam omnis libero ut consequatur magni esse.', 3, '2018-05-27 03:02:35', '2018-05-27 03:02:35'),
(29, 8, 'Savannah Koelpin', 'Aut aut et numquam. Sint et ut consectetur. Eius assumenda sint in est.', 4, '2018-05-27 03:02:35', '2018-05-27 03:02:35'),
(30, 3, 'Eleonore Marks IV', 'Consequatur in sunt accusamus quam maiores expedita eius. Explicabo nesciunt quae deleniti cumque. Voluptates necessitatibus reiciendis magni.', 4, '2018-05-27 03:02:35', '2018-05-27 03:02:35'),
(31, 33, 'Catalina Littel II', 'Animi aut provident natus. Consectetur blanditiis impedit deserunt recusandae ex.', 4, '2018-05-27 03:02:35', '2018-05-27 03:02:35'),
(32, 8, 'Rusty Hodkiewicz', 'Incidunt et dolorum et sunt. Tempore aut sequi ab voluptatem. Culpa libero eum rerum. Culpa est quae dolor asperiores aut quibusdam.', 1, '2018-05-27 03:02:35', '2018-05-27 03:02:35'),
(33, 8, 'Ms. Gabrielle Rice', 'Soluta ut totam incidunt sapiente soluta. Quam et quis ut. Ducimus est optio quia quis qui quo.', 4, '2018-05-27 03:02:35', '2018-05-27 03:02:35'),
(34, 1, 'Cordelia Brekke', 'Excepturi et sed iste ut. Rerum ut quo quae accusantium quos ratione nisi. Blanditiis non rerum fuga optio deserunt enim eaque perferendis. Rerum minus libero pariatur suscipit ipsa perferendis nesciunt. Qui tempora soluta inventore architecto dolores.', 1, '2018-05-27 03:02:35', '2018-05-27 03:02:35'),
(35, 31, 'Diego Hane MD', 'Minus amet quam et tempora. Id illo laudantium animi nemo. Dignissimos fugit et maiores ipsam atque. Sit excepturi ut amet temporibus quae saepe dignissimos.', 2, '2018-05-27 03:02:35', '2018-05-27 03:02:35'),
(36, 28, 'Danny Kling', 'Consequatur cum perspiciatis ratione sequi voluptas. Eius quae qui a error eaque similique illum. Possimus ut distinctio libero quidem. Similique quas velit numquam eum quo rerum.', 3, '2018-05-27 03:02:35', '2018-05-27 03:02:35'),
(37, 40, 'Mrs. Candida Reichert I', 'Voluptas est animi unde veritatis sed. Qui maiores nihil iusto.', 4, '2018-05-27 03:02:35', '2018-05-27 03:02:35'),
(38, 15, 'Desiree Bogan', 'Similique cum et in voluptas sit voluptatem. Deserunt nesciunt debitis et rerum reiciendis ut molestias non. Numquam rerum aut neque illo dignissimos molestiae. Molestiae impedit libero eaque mollitia suscipit. Voluptatem culpa sint sequi animi.', 5, '2018-05-27 03:02:35', '2018-05-27 03:02:35'),
(39, 7, 'Mr. Waino Kuhlman', 'Minus aut voluptatem dolor expedita quo harum. Dolor vel animi tenetur vel in. Labore in mollitia quia illo labore ratione.', 3, '2018-05-27 03:02:35', '2018-05-27 03:02:35'),
(40, 23, 'Alisa Jacobson V', 'Provident quam voluptas aspernatur ea aut reprehenderit dicta. Nostrum omnis deserunt et blanditiis quidem mollitia tenetur. Rem rerum velit provident cupiditate natus in iusto.', 4, '2018-05-27 03:02:35', '2018-05-27 03:02:35'),
(41, 29, 'Imelda Russel', 'Ab rerum tenetur aut. Dolorem quidem dolores quisquam et facere reiciendis optio. Ad sed iure veritatis.', 0, '2018-05-27 03:02:35', '2018-05-27 03:02:35'),
(42, 34, 'Prof. Albert Schimmel', 'Est expedita illo modi sit et. Aut dolorem est harum excepturi. Officiis nisi totam quia deserunt sit rerum quia et. Quibusdam esse nesciunt a provident officia.', 1, '2018-05-27 03:02:35', '2018-05-27 03:02:35'),
(43, 28, 'Karlie Bode', 'Consequatur qui inventore reprehenderit aut fugiat nostrum adipisci. Harum dolore minus et fugiat quis libero autem quasi.', 3, '2018-05-27 03:02:35', '2018-05-27 03:02:35'),
(44, 39, 'Prof. Florencio Rohan', 'Voluptas at consequatur omnis dolore enim quam fugiat. Porro debitis rerum dolorum nostrum accusantium provident eum. Quo aut dicta officiis quia et laborum. Natus sit et aut.', 2, '2018-05-27 03:02:36', '2018-05-27 03:02:36'),
(45, 36, 'Mrs. Daisha Stiedemann', 'Qui ut et impedit ducimus modi. Facilis sint cupiditate quia accusamus.', 5, '2018-05-27 03:02:36', '2018-05-27 03:02:36'),
(46, 32, 'Ms. Dominique Buckridge', 'Repudiandae adipisci nostrum voluptas aut. Vero aut sit ut reprehenderit qui ipsam. Ea sit est hic voluptate odit. Perferendis quisquam maxime voluptatum numquam tempora.', 3, '2018-05-27 03:02:36', '2018-05-27 03:02:36'),
(47, 45, 'Brett D\'Amore III', 'Totam fugiat amet aut. Temporibus vero accusantium cumque adipisci fugiat. Est accusantium dolore accusamus.', 3, '2018-05-27 03:02:36', '2018-05-27 03:02:36'),
(48, 44, 'Ora Langosh', 'Impedit illum incidunt dolore vel non. Fugiat omnis et voluptas iure doloremque consequatur at. Quo porro error nulla ratione voluptates. Dolorem veniam alias modi quasi ut dolores beatae. Sit hic aperiam facilis aperiam repellendus.', 1, '2018-05-27 03:02:36', '2018-05-27 03:02:36'),
(49, 10, 'Spencer Howe', 'Dolor sit alias ipsam pariatur. Quis qui molestiae sit. Tempore voluptas et quia aspernatur. Corporis velit tempora nisi veniam aut facere debitis.', 1, '2018-05-27 03:02:36', '2018-05-27 03:02:36'),
(50, 49, 'Ms. Mattie Volkman MD', 'Earum et sed iusto aut voluptatibus. Esse maxime itaque dolores consequuntur dolorem totam. Ipsa quia molestiae quod minus. Fugiat aut quis est debitis minima quia.', 1, '2018-05-27 03:02:36', '2018-05-27 03:02:36'),
(51, 40, 'Kendrick Strosin', 'Quisquam quas est id aut et. Maiores molestias occaecati non dolore quibusdam et. Sint distinctio ut quo qui velit repellendus consequuntur. Vitae eum non vero sapiente.', 2, '2018-05-27 03:02:36', '2018-05-27 03:02:36'),
(52, 9, 'Lesly Barrows', 'Quia quisquam quam fugiat. Voluptatem qui aut at.', 0, '2018-05-27 03:02:36', '2018-05-27 03:02:36'),
(53, 24, 'Prof. Dorian Klocko Sr.', 'Ab omnis esse sunt. Excepturi doloribus voluptatem nihil distinctio. Sit minus voluptatem eos est dolorum quisquam hic. Sunt qui earum sunt cumque. Vel non et in tempora.', 3, '2018-05-27 03:02:36', '2018-05-27 03:02:36'),
(54, 48, 'Jalen Schulist', 'Voluptatum cupiditate distinctio minus ut ad. Aliquid exercitationem nulla perferendis veritatis consequuntur. Laborum et dolorem fuga. Debitis est porro vel suscipit.', 1, '2018-05-27 03:02:36', '2018-05-27 03:02:36'),
(55, 17, 'Kenyon Zulauf', 'Doloribus fugit quisquam quisquam impedit odit laboriosam. Qui omnis et recusandae quaerat consequatur. Et qui at eos repellat eum ipsa ut.', 0, '2018-05-27 03:02:36', '2018-05-27 03:02:36'),
(56, 48, 'Gilberto Hickle', 'Temporibus at ullam consequatur illum cupiditate tempore vel et. Atque architecto et id molestiae. Veniam eum delectus ea rerum et. Non ut non sit voluptatibus possimus ut nemo.', 3, '2018-05-27 03:02:36', '2018-05-27 03:02:36'),
(57, 25, 'Rashawn McCullough', 'Vel nobis temporibus at eligendi quisquam quisquam occaecati. Soluta similique error provident ratione tempore asperiores aliquid. Explicabo ea quia nobis placeat minus earum qui.', 5, '2018-05-27 03:02:36', '2018-05-27 03:02:36'),
(58, 47, 'Mr. August Hackett', 'Suscipit sed animi aut nesciunt vero sunt et cumque. Quia animi qui aliquam quibusdam suscipit. Rerum qui quia voluptatibus a illo minima. Doloremque est quaerat adipisci sint sit quam magnam.', 5, '2018-05-27 03:02:36', '2018-05-27 03:02:36'),
(59, 46, 'Betty Mueller', 'Molestiae officiis omnis libero facere dolorem quia numquam. Vero qui amet qui sunt. Quia ab quas pariatur.', 4, '2018-05-27 03:02:36', '2018-05-27 03:02:36'),
(60, 37, 'Henri Hoppe', 'In vitae vitae ut tempore. Provident quibusdam numquam suscipit. Commodi voluptate nisi et qui.', 3, '2018-05-27 03:02:36', '2018-05-27 03:02:36'),
(61, 8, 'Ramon Schaefer', 'Culpa et est commodi nemo et dolore. Earum et neque autem vel. Recusandae quod qui facere debitis aut.', 0, '2018-05-27 03:02:36', '2018-05-27 03:02:36'),
(62, 33, 'Estell Johnson', 'Ad delectus ducimus odio cum aut ut quae ut. Ut consequuntur nostrum esse. Et blanditiis ut ipsum amet dolor. Iusto et atque dolore qui in nemo cum. Quae quia sapiente aut hic sunt nihil.', 0, '2018-05-27 03:02:36', '2018-05-27 03:02:36'),
(63, 37, 'Garrison Hills', 'Odio unde nobis asperiores consequatur non. Voluptates quia cupiditate in non nemo ducimus. Modi animi natus dicta quam vel quis. Fugiat esse eum explicabo in aspernatur.', 5, '2018-05-27 03:02:36', '2018-05-27 03:02:36'),
(64, 17, 'Lesly Halvorson', 'Libero aut architecto voluptatum eius alias. Eos nostrum vel quisquam.', 5, '2018-05-27 03:02:36', '2018-05-27 03:02:36'),
(65, 24, 'Dr. Ronny Littel DVM', 'Aliquid animi sint vel aut voluptas quasi. Nemo et eos et doloremque aliquam accusantium perferendis. Corporis quibusdam officiis non accusamus.', 1, '2018-05-27 03:02:36', '2018-05-27 03:02:36'),
(66, 32, 'Norene Prohaska DDS', 'Hic fuga maxime aperiam distinctio voluptatem voluptatem velit. Ut ut eveniet dolorem delectus modi rem quis. Repellendus enim magnam perferendis velit suscipit accusantium. Sint et at illum vero quia.', 0, '2018-05-27 03:02:36', '2018-05-27 03:02:36'),
(67, 36, 'Prof. Toni Schmeler', 'Deserunt voluptatem aut quaerat numquam voluptas magni nam. Quo sint eos facilis nobis et velit deserunt velit. Delectus error at corporis aperiam doloremque ipsa voluptatem.', 2, '2018-05-27 03:02:36', '2018-05-27 03:02:36'),
(68, 29, 'Prof. Bertram Emmerich III', 'Dolores asperiores enim vel temporibus maxime dolorem. Perferendis fuga quas aliquam id sed. Tenetur incidunt possimus numquam consequatur dolore saepe alias. Est omnis iusto doloribus.', 3, '2018-05-27 03:02:36', '2018-05-27 03:02:36'),
(69, 25, 'Dr. Brennon Gibson V', 'Repellendus eum laboriosam esse cumque qui cum. Voluptas excepturi autem asperiores quaerat blanditiis ea velit. Officia voluptas animi qui veritatis corporis. Cum expedita sint perferendis voluptatibus id.', 4, '2018-05-27 03:02:36', '2018-05-27 03:02:36'),
(70, 31, 'Mossie Watsica', 'Vel occaecati quod ut earum praesentium. Voluptas voluptate deserunt placeat amet alias quia animi. Fuga placeat et voluptatum aut et. Est occaecati vel eaque repudiandae sapiente occaecati aspernatur est.', 3, '2018-05-27 03:02:36', '2018-05-27 03:02:36'),
(71, 39, 'Jeffrey Terry', 'Unde exercitationem dolores odit corporis nihil dolores. Voluptas suscipit aliquam earum. Vero delectus nihil labore ea praesentium reiciendis. Sed rem sit dolorum qui aut nihil voluptatem id.', 4, '2018-05-27 03:02:37', '2018-05-27 03:02:37'),
(72, 12, 'Miss Katarina Sipes', 'Aut molestiae odio pariatur beatae quod quos non. Ducimus natus in voluptas debitis distinctio excepturi doloribus. Expedita voluptatem sed impedit.', 5, '2018-05-27 03:02:37', '2018-05-27 03:02:37'),
(73, 23, 'Marjory Moore', 'Ut deserunt ex a amet nulla eos omnis nihil. Ex aut praesentium tempora necessitatibus sapiente. Et quia autem aut quia perspiciatis. Saepe mollitia quidem ratione qui est neque.', 5, '2018-05-27 03:02:37', '2018-05-27 03:02:37'),
(74, 5, 'Ms. Margret Waelchi', 'Omnis laborum aliquam eos praesentium temporibus nostrum voluptas. Sunt qui dolorem sed unde non magnam dolore. Nihil impedit ut nostrum dignissimos et distinctio sit in. Nobis et nam expedita aspernatur.', 0, '2018-05-27 03:02:37', '2018-05-27 03:02:37'),
(75, 41, 'Alexie Cartwright', 'Odio repudiandae repellendus libero ut dolores soluta. Quaerat fuga dolores assumenda aut velit ad. Veritatis est sit ex omnis in. Ab at vero accusantium.', 0, '2018-05-27 03:02:37', '2018-05-27 03:02:37'),
(76, 2, 'Mr. Jamir McDermott', 'Facilis suscipit et tempora et cum ab. Magnam officiis exercitationem excepturi sequi. Doloribus distinctio doloremque quo in omnis eos ducimus. Voluptatem delectus omnis dolor quia. Ea facere aperiam reprehenderit.', 3, '2018-05-27 03:02:37', '2018-05-27 03:02:37'),
(77, 21, 'Kaia Mann', 'Laborum autem voluptatum ut a et facere. Suscipit et qui voluptas alias. Quisquam consequatur quia laboriosam inventore perferendis est libero odit.', 0, '2018-05-27 03:02:37', '2018-05-27 03:02:37'),
(78, 49, 'Ms. Dakota Schimmel IV', 'Pariatur odio corporis repellat ea quaerat non. Est itaque sequi ex. Veniam amet reiciendis soluta aut autem.', 1, '2018-05-27 03:02:37', '2018-05-27 03:02:37'),
(79, 13, 'Jacques Goldner', 'Accusantium aspernatur fugiat doloremque tempore praesentium. Possimus debitis ducimus quia ullam et. Illo sint et quo et et.', 0, '2018-05-27 03:02:37', '2018-05-27 03:02:37'),
(80, 25, 'Diamond White', 'Ratione sunt ipsum amet omnis. Quo architecto quia error atque.', 1, '2018-05-27 03:02:37', '2018-05-27 03:02:37'),
(81, 45, 'Dr. Muhammad Weimann MD', 'Nihil fugiat sunt omnis odit praesentium. Ea voluptatibus qui architecto nesciunt sapiente. Saepe nostrum animi necessitatibus qui nesciunt consectetur.', 5, '2018-05-27 03:02:37', '2018-05-27 03:02:37'),
(82, 10, 'Mrs. Gracie Blanda', 'Tenetur ab et optio provident quo. Autem laudantium dignissimos commodi quae deserunt deserunt. Deleniti ducimus ad eum quae. Dolores nemo blanditiis animi aut.', 1, '2018-05-27 03:02:37', '2018-05-27 03:02:37'),
(83, 48, 'Edgar Bruen PhD', 'Atque nostrum et et ea. Cum placeat vero aut dolores nisi quo. Dolores cum aliquam sunt accusantium eum corrupti. Molestias praesentium ducimus sapiente consectetur quis suscipit qui.', 1, '2018-05-27 03:02:37', '2018-05-27 03:02:37'),
(84, 17, 'Manley Kilback', 'Est laudantium quae dolores maiores nihil. Laborum quisquam ratione sit et. Aut culpa ullam et mollitia id. Perferendis error suscipit officiis quo.', 1, '2018-05-27 03:02:37', '2018-05-27 03:02:37'),
(85, 31, 'Mrs. Janet Waters', 'Fuga nesciunt atque labore rerum sed quaerat harum. Atque aut praesentium facilis officiis sit. Saepe excepturi quia qui autem possimus in dolorem sit. Est pariatur totam consectetur tempore sequi occaecati tempore.', 2, '2018-05-27 03:02:37', '2018-05-27 03:02:37'),
(86, 32, 'Rebekah Schroeder', 'Quia et alias aspernatur est ab non debitis ut. Molestiae unde qui soluta beatae minima. Natus quia aspernatur quia itaque. Sapiente qui accusamus aut id reprehenderit.', 2, '2018-05-27 03:02:37', '2018-05-27 03:02:37'),
(87, 41, 'Delaney Cronin', 'Sequi aut est quia maxime sint labore. Quis et nulla nostrum itaque assumenda. Ut magnam minima molestias. Et cum nihil qui in veniam at.', 4, '2018-05-27 03:02:37', '2018-05-27 03:02:37'),
(88, 50, 'Prof. Deon Reynolds IV', 'Facilis autem nisi minima sed quia unde perferendis. Ad sequi animi aliquam et dignissimos voluptates et. Iste ut enim eos omnis.', 0, '2018-05-27 03:02:37', '2018-05-27 03:02:37'),
(89, 37, 'Stephon Stracke', 'Ipsam velit aut qui rerum porro. Iste ad nulla laborum autem reprehenderit. Est rerum qui aut aperiam omnis sunt sed.', 4, '2018-05-27 03:02:37', '2018-05-27 03:02:37'),
(90, 44, 'April Jast', 'Quas enim quo consequatur officiis cum. Et quia occaecati nobis porro iste. Et expedita accusamus voluptatem qui. Velit facere alias dignissimos corporis iure.', 5, '2018-05-27 03:02:37', '2018-05-27 03:02:37'),
(91, 41, 'Cecil Bednar DVM', 'Atque sit animi rem voluptas dicta libero. Nam et veniam molestiae. Tempore reprehenderit est veritatis perspiciatis quibusdam. Similique consectetur assumenda omnis neque.', 3, '2018-05-27 03:02:37', '2018-05-27 03:02:37'),
(92, 50, 'Lisette Lemke DDS', 'Quod vero eaque ea maxime mollitia deserunt sed voluptas. Et eum inventore explicabo cupiditate sint. Mollitia delectus sed qui qui reiciendis. Non sit sint deleniti aliquid non vel.', 0, '2018-05-27 03:02:37', '2018-05-27 03:02:37'),
(93, 22, 'Julia Hamill DDS', 'Earum aut harum explicabo. Est velit provident minus in. Sint numquam quisquam nobis porro. Maxime aliquam necessitatibus eaque ipsam.', 5, '2018-05-27 03:02:37', '2018-05-27 03:02:37'),
(94, 2, 'Jalon Stanton', 'Reiciendis placeat quia odio ipsam. Voluptas ullam laboriosam repellendus esse quibusdam corrupti voluptas. Incidunt aut blanditiis exercitationem. Fuga et asperiores dolor sequi quam ut.', 5, '2018-05-27 03:02:37', '2018-05-27 03:02:37'),
(95, 23, 'Ms. Bulah Kshlerin', 'Consequuntur laudantium exercitationem consequatur neque voluptas et. Esse quis aut libero culpa neque voluptas aut. In doloremque itaque et. Fugiat et quos est sunt qui.', 5, '2018-05-27 03:02:37', '2018-05-27 03:02:37'),
(96, 13, 'Miss Angie Braun DVM', 'Ipsa deleniti neque laudantium corrupti. Et sed rerum veniam maiores. Eos labore et ducimus quos consectetur autem.', 1, '2018-05-27 03:02:37', '2018-05-27 03:02:37'),
(97, 30, 'Lilla Hand', 'Error reiciendis et enim praesentium consequatur culpa. Quam occaecati omnis eos vitae odio porro vel. Impedit inventore eos in beatae. Maiores iste ea rerum et voluptatem molestiae. Fugiat ut inventore nisi sequi et incidunt dolores deleniti.', 1, '2018-05-27 03:02:37', '2018-05-27 03:02:37'),
(98, 3, 'Kale Ryan I', 'Reiciendis deleniti ratione repellat. Quasi dolores ut qui quod omnis voluptatem nulla. Dolores quia aut maxime et eaque vel deserunt nulla.', 5, '2018-05-27 03:02:37', '2018-05-27 03:02:37'),
(99, 28, 'Jaron Hettinger', 'Eos aut animi velit tenetur sapiente alias. Eum facere rerum accusamus vitae aut aut quis.', 2, '2018-05-27 03:02:38', '2018-05-27 03:02:38'),
(100, 4, 'Adolf Corwin', 'Voluptatibus dolor dolor inventore sed error aspernatur et dolorum. Ex fugiat non suscipit sint. Quod dicta quia aut doloribus officia et. Amet nesciunt quis sunt sit in.', 5, '2018-05-27 03:02:38', '2018-05-27 03:02:38'),
(101, 12, 'Nelle Lueilwitz', 'Quidem modi numquam omnis maxime. Qui animi ut explicabo error itaque sed. Ut pariatur nulla explicabo consequatur quos repellat. Et repellendus recusandae qui illum eveniet ut sequi.', 2, '2018-05-27 03:02:38', '2018-05-27 03:02:38'),
(102, 1, 'Arnaldo Abbott', 'Molestiae aspernatur repellendus consequatur dolores dolorem nesciunt deleniti. Qui nihil ipsum quos eveniet deleniti. Occaecati ut qui ratione doloremque possimus placeat incidunt.', 0, '2018-05-27 03:02:38', '2018-05-27 03:02:38'),
(103, 39, 'Osbaldo Olson', 'Est consequatur vitae et incidunt soluta aliquam. Et rerum aut maxime voluptatibus.', 4, '2018-05-27 03:02:38', '2018-05-27 03:02:38'),
(104, 4, 'Miss Hanna Little', 'Ab nihil mollitia velit quia. Quia aspernatur cupiditate soluta rerum suscipit laboriosam vel. Corrupti assumenda cum nostrum eos aspernatur. Quos rerum qui voluptas molestiae.', 1, '2018-05-27 03:02:38', '2018-05-27 03:02:38'),
(105, 6, 'Dr. Brown Gerhold PhD', 'Culpa cumque quia eius. Soluta voluptas autem rerum est debitis alias saepe fugiat. Voluptatum vitae tenetur voluptatem optio accusamus est. Nihil sit impedit maxime rerum dicta.', 3, '2018-05-27 03:02:38', '2018-05-27 03:02:38'),
(106, 48, 'Dedric Altenwerth', 'Quis et et culpa animi est. Nemo sed soluta facilis occaecati. Dolores ea tenetur enim eveniet quod. Tempore nihil officiis aliquid dolor iste.', 2, '2018-05-27 03:02:38', '2018-05-27 03:02:38'),
(107, 23, 'Catharine Weimann', 'Accusamus consequatur vitae beatae qui. Non et corrupti aliquid non est maxime dolores. Blanditiis aliquam laboriosam ut velit magni.', 4, '2018-05-27 03:02:38', '2018-05-27 03:02:38'),
(108, 27, 'Mr. Jensen Heller DDS', 'Itaque ut unde repellat accusantium voluptatem. Est cum ut inventore blanditiis non corrupti in officiis. Sed est et ut optio vel sed ad.', 1, '2018-05-27 03:02:38', '2018-05-27 03:02:38'),
(109, 44, 'Emma Hoeger', 'Sit ea eos minus deleniti aperiam aut. Consequatur saepe maxime nihil dolor quo. Unde atque ullam dolores est dolores amet. Laboriosam consequuntur laborum ipsa voluptates reiciendis excepturi.', 0, '2018-05-27 03:02:38', '2018-05-27 03:02:38'),
(110, 3, 'Dr. Francesco Bergstrom', 'Voluptatem sed dicta aut sint enim. Voluptate ratione minima doloremque eaque vero dolorem. A ut debitis laborum repudiandae ut. Molestiae dolorem laborum dolorum placeat mollitia rerum explicabo.', 4, '2018-05-27 03:02:38', '2018-05-27 03:02:38'),
(111, 13, 'Bonnie Roberts MD', 'Cupiditate nulla voluptatem minus quia accusantium eum. Consequuntur delectus officiis dolores voluptas hic. Minus aut libero et accusantium asperiores minus ut.', 5, '2018-05-27 03:02:38', '2018-05-27 03:02:38'),
(112, 47, 'Bria Wyman', 'Suscipit ullam facere est architecto quos. Delectus commodi autem neque aut debitis enim quasi. Voluptatibus dolore quia consequatur eum ut consequatur.', 1, '2018-05-27 03:02:38', '2018-05-27 03:02:38'),
(113, 24, 'Dr. Corene Crona DVM', 'Aperiam rerum odio est exercitationem aut. Totam accusamus doloremque magnam voluptate voluptatem consequatur. Ut ipsa facere id laborum perferendis voluptas enim. Ex rem facilis eius vero cum dolor earum.', 4, '2018-05-27 03:02:38', '2018-05-27 03:02:38'),
(114, 17, 'Rodrigo Harber I', 'Ratione quia ipsam quisquam id corporis suscipit aut. Et vel ipsa quod. Hic eveniet impedit aut sequi. Eum neque ea atque quo aut.', 3, '2018-05-27 03:02:38', '2018-05-27 03:02:38'),
(115, 10, 'Prof. Nia Grimes Jr.', 'Quod aut dolores inventore aut sed in. Dolorum porro esse placeat id sit. Incidunt quam nihil quae deleniti. Ea eligendi sed natus harum quia officia vero.', 1, '2018-05-27 03:02:38', '2018-05-27 03:02:38'),
(116, 1, 'Angeline Beer', 'Numquam velit sunt voluptate accusantium voluptatem perferendis sunt facilis. Atque quia ex cum praesentium sint enim rem sequi. Omnis accusamus enim corrupti voluptate dolor aut quia non.', 1, '2018-05-27 03:02:38', '2018-05-27 03:02:38'),
(117, 32, 'Dr. Laverne Rohan', 'Aut eum autem quibusdam deserunt sit corrupti. Totam vitae voluptatem quo quasi voluptas id. Reiciendis saepe quasi et voluptas. Eum praesentium soluta dolorem iusto soluta voluptatem excepturi.', 5, '2018-05-27 03:02:38', '2018-05-27 03:02:38'),
(118, 34, 'Soledad Kuhn', 'Aliquam et similique pariatur esse iure voluptatum quas quod. Quia blanditiis voluptatem harum iure. Inventore cupiditate vel deserunt culpa tempore omnis aliquam.', 2, '2018-05-27 03:02:38', '2018-05-27 03:02:38'),
(119, 36, 'Floy Rowe', 'Ea recusandae temporibus qui illo voluptates et quas. Voluptatem quia aut impedit nulla non suscipit odit. Repellat earum modi molestias. Doloribus magnam ut sit officia ea architecto. Quas dolore et dolores exercitationem voluptas.', 0, '2018-05-27 03:02:38', '2018-05-27 03:02:38'),
(120, 37, 'Dr. Mckenna Hills', 'Praesentium non temporibus et aut. Voluptatem expedita unde sunt sunt aut qui sed. Nemo voluptas eius velit molestias. A dolores quam distinctio ut impedit.', 5, '2018-05-27 03:02:38', '2018-05-27 03:02:38'),
(121, 10, 'Layne Connelly', 'Harum expedita ipsam enim laborum enim. Delectus ut odit illum ut rerum. Tempora pariatur et pariatur quo et sint. Cum sint vel consectetur.', 3, '2018-05-27 03:02:38', '2018-05-27 03:02:38'),
(122, 50, 'Solon Sawayn DVM', 'Quisquam dolorem ut illo necessitatibus. Ex dolor dolorum impedit aut vel ullam. Corporis vel dolore ratione officia aspernatur voluptatum eum.', 2, '2018-05-27 03:02:38', '2018-05-27 03:02:38'),
(123, 11, 'Wilhelmine Kautzer', 'Doloribus non est accusamus enim nihil pariatur. Sed cupiditate sequi ut molestiae tempore. Consequatur quisquam rem sit. Officia eum non voluptatem maxime dicta excepturi.', 3, '2018-05-27 03:02:38', '2018-05-27 03:02:38'),
(124, 24, 'Prof. Zoey Kunze', 'Qui saepe velit reprehenderit aut consequatur. Nesciunt quod nobis aut a libero hic ad. Maiores esse vitae eum vel nulla.', 4, '2018-05-27 03:02:38', '2018-05-27 03:02:38'),
(125, 22, 'Ima Johnson', 'Illum dignissimos iste facere ut. Unde doloribus consequatur et et. Est molestias quis non pariatur. Dolorem dolor ab possimus minus et.', 5, '2018-05-27 03:02:38', '2018-05-27 03:02:38'),
(126, 25, 'Rhett Gleichner', 'Impedit corporis sequi possimus laboriosam. Doloremque consequatur sint dignissimos minus dolorum ut. Et exercitationem et tenetur. Aut qui itaque aut in aliquam alias rem est.', 5, '2018-05-27 03:02:38', '2018-05-27 03:02:38'),
(127, 34, 'Lauretta Little', 'Ipsam sequi est iste libero. Rerum officia fugit est est possimus reiciendis. Eos incidunt aperiam quam cum natus magnam aperiam. Et ut tempore reiciendis vel ullam et eius. Eius libero ducimus hic ut perspiciatis nostrum.', 0, '2018-05-27 03:02:39', '2018-05-27 03:02:39'),
(128, 10, 'Brent Mills', 'Architecto accusantium repellat molestiae et tenetur id. Commodi et ex fugit alias ipsa. Sint qui ut temporibus. Ex hic ea exercitationem rem odit. Velit est laudantium vitae libero deleniti officiis qui.', 1, '2018-05-27 03:02:39', '2018-05-27 03:02:39'),
(129, 39, 'Dr. Loraine White III', 'Perferendis necessitatibus quam omnis nam autem quibusdam mollitia. Et qui et dignissimos sunt similique. Dolorem sit natus saepe sit ratione quam qui. Est omnis voluptas nobis rerum.', 2, '2018-05-27 03:02:39', '2018-05-27 03:02:39'),
(130, 17, 'Eugene Hermiston III', 'Numquam delectus qui nemo a. Non ut sint ut nam commodi consequatur sunt. Quae provident odio suscipit consequuntur exercitationem officiis. Expedita aliquam recusandae qui repellat rerum repellendus atque odit.', 4, '2018-05-27 03:02:39', '2018-05-27 03:02:39'),
(131, 37, 'Ona Block', 'Voluptatibus vel sapiente assumenda reprehenderit qui aliquam. Voluptate in quo fugiat pariatur deleniti adipisci consequuntur. Quia reprehenderit molestiae deserunt assumenda quasi. Tempore veniam est est delectus accusantium nemo quia.', 5, '2018-05-27 03:02:39', '2018-05-27 03:02:39'),
(132, 3, 'Lloyd Rath III', 'Labore ullam voluptates exercitationem ducimus sunt culpa quaerat. Vel culpa molestiae accusantium est nobis voluptatibus. Porro ut at illo eum.', 0, '2018-05-27 03:02:39', '2018-05-27 03:02:39'),
(133, 22, 'Jovani Leffler', 'Sit fugit dolore eum voluptate occaecati. Cupiditate dolor delectus unde consequuntur ut eius. Quasi facilis cum et suscipit et.', 3, '2018-05-27 03:02:39', '2018-05-27 03:02:39'),
(134, 5, 'Laura Lakin', 'Harum qui in ut nobis vitae. Perspiciatis dolore labore nobis est sapiente velit eveniet. Aliquam officia provident architecto vero. Quaerat odit ipsam voluptate ea quisquam ut. Est laboriosam dicta velit quam soluta voluptate.', 2, '2018-05-27 03:02:39', '2018-05-27 03:02:39'),
(135, 7, 'Leonie Turner', 'Enim impedit voluptas quaerat repellat. Non et voluptas optio eius dicta. Nulla voluptatibus labore quo.', 5, '2018-05-27 03:02:39', '2018-05-27 03:02:39'),
(136, 42, 'Jeffery Wiegand', 'Aut incidunt ratione harum temporibus quia dignissimos. Inventore repudiandae provident vitae voluptatibus ut dolores. Ipsam iste nihil similique laudantium laboriosam culpa.', 2, '2018-05-27 03:02:39', '2018-05-27 03:02:39'),
(137, 44, 'Kaitlin Heidenreich', 'Aliquid autem et ratione officia reiciendis voluptatum necessitatibus. Sed debitis dolores aut aut cumque. Accusantium quod facilis labore vel sapiente facilis.', 0, '2018-05-27 03:02:39', '2018-05-27 03:02:39'),
(138, 50, 'Mabelle Prosacco Jr.', 'Nihil nulla earum eius. Neque est totam et illo qui qui. Aut est quia facilis.', 2, '2018-05-27 03:02:39', '2018-05-27 03:02:39'),
(139, 23, 'Mrs. Pink Kemmer', 'Quae vel qui consectetur facere beatae. Ipsam modi iste vitae nam quisquam voluptates et. Enim sequi nostrum est facilis et cumque recusandae. Accusamus vero magni in laborum magnam ea.', 5, '2018-05-27 03:02:39', '2018-05-27 03:02:39'),
(140, 12, 'Ciara Bechtelar Jr.', 'Natus velit eos molestias aut architecto. Velit aut maiores doloremque fugit quia ratione est. Repellat corrupti ad qui beatae. Architecto iure voluptatem quisquam delectus delectus. Aliquam omnis id dignissimos et nihil.', 1, '2018-05-27 03:02:39', '2018-05-27 03:02:39'),
(141, 25, 'Mr. Jackson Lind', 'Delectus aut molestias molestiae facere necessitatibus. Repudiandae est quia expedita est. Sunt quidem fuga vel incidunt voluptatem velit. Enim nihil eum quod quidem.', 2, '2018-05-27 03:02:39', '2018-05-27 03:02:39'),
(142, 9, 'Ryan Lind', 'Doloremque magni in inventore ut tempore. Quis dolores harum porro aut. Dolores doloremque odit voluptatem dolores voluptate. Officiis quasi vitae dolores sint architecto eum non. Numquam impedit non cumque est eum.', 1, '2018-05-27 03:02:39', '2018-05-27 03:02:39'),
(143, 32, 'Jermey Dibbert', 'Doloribus non consequatur rerum voluptatem voluptatem et quis. Iste sed rem ut incidunt. Voluptates rem rerum maiores aut sint quo tempore.', 2, '2018-05-27 03:02:39', '2018-05-27 03:02:39'),
(144, 23, 'Prof. Candice Morissette', 'Dolore hic ut qui repellendus placeat illo et sed. Consectetur nihil voluptatem qui soluta ut. Est est fugiat et voluptatem et consequatur sint. Ad optio itaque molestiae quo ipsa quia ducimus. Blanditiis rem cupiditate commodi molestiae excepturi dolores et vel.', 1, '2018-05-27 03:02:39', '2018-05-27 03:02:39'),
(145, 47, 'Sarah Schimmel', 'Qui laborum ut animi voluptas. Inventore aut dolor voluptas minima blanditiis consequatur. Voluptatem harum vero vitae. Occaecati dolor temporibus repellendus et velit dolor et voluptas. Natus fugit sit nesciunt provident qui harum.', 2, '2018-05-27 03:02:39', '2018-05-27 03:02:39'),
(146, 35, 'Joel Denesik', 'Iste esse tempore et voluptas. Iure perferendis omnis in. Doloremque omnis eos et et nihil. A a quas expedita suscipit voluptas repudiandae. Sint incidunt facere ut vel occaecati dolore.', 2, '2018-05-27 03:02:39', '2018-05-27 03:02:39'),
(147, 30, 'Prof. Hans Green', 'Repellendus autem quia sunt qui laudantium. Alias voluptatem inventore quisquam rerum ipsum iste. Maiores quo quos aut et aliquid et. Eum eos eaque in deserunt labore hic ut et.', 1, '2018-05-27 03:02:39', '2018-05-27 03:02:39'),
(148, 26, 'Zechariah Nienow', 'Quibusdam soluta et nam asperiores eius non repudiandae. Qui similique minus velit ut nesciunt. Dolores voluptatem voluptatum magni aut est ut. Iusto non dolorem enim.', 3, '2018-05-27 03:02:39', '2018-05-27 03:02:39'),
(149, 49, 'Derick Lockman', 'Nihil enim repellendus tenetur ad sed aut tempora. Saepe ipsam et cum rerum ut. Perspiciatis ut vel reiciendis at laudantium et nam. Quia earum sint dolorum sunt rem animi delectus pariatur.', 2, '2018-05-27 03:02:39', '2018-05-27 03:02:39'),
(150, 1, 'Virgie Paucek IV', 'Ut odio cum placeat sunt. Praesentium natus temporibus occaecati exercitationem labore. Libero ipsam itaque vero reiciendis voluptas sed cum. Qui rerum nesciunt quis quo non blanditiis.', 5, '2018-05-27 03:02:39', '2018-05-27 03:02:39');

-- --------------------------------------------------------

--
-- Table structure for table `users`
--

CREATE TABLE `users` (
  `id` int(10) UNSIGNED NOT NULL,
  `name` varchar(191) COLLATE utf8mb4_unicode_ci NOT NULL,
  `email` varchar(191) COLLATE utf8mb4_unicode_ci NOT NULL,
  `password` varchar(191) COLLATE utf8mb4_unicode_ci NOT NULL,
  `remember_token` varchar(100) COLLATE utf8mb4_unicode_ci DEFAULT NULL,
  `created_at` timestamp NULL DEFAULT NULL,
  `updated_at` timestamp NULL DEFAULT NULL
) ENGINE=InnoDB DEFAULT CHARSET=utf8mb4 COLLATE=utf8mb4_unicode_ci;

--
-- Indexes for dumped tables
--

--
-- Indexes for table `migrations`
--
ALTER TABLE `migrations`
  ADD PRIMARY KEY (`id`);

--
-- Indexes for table `password_resets`
--
ALTER TABLE `password_resets`
  ADD KEY `password_resets_email_index` (`email`);

--
-- Indexes for table `products`
--
ALTER TABLE `products`
  ADD PRIMARY KEY (`id`);

--
-- Indexes for table `reviews`
--
ALTER TABLE `reviews`
  ADD PRIMARY KEY (`id`),
  ADD KEY `reviews_product_id_index` (`product_id`);

--
-- Indexes for table `users`
--
ALTER TABLE `users`
  ADD PRIMARY KEY (`id`),
  ADD UNIQUE KEY `users_email_unique` (`email`);

--
-- AUTO_INCREMENT for dumped tables
--

--
-- AUTO_INCREMENT for table `migrations`
--
ALTER TABLE `migrations`
  MODIFY `id` int(10) UNSIGNED NOT NULL AUTO_INCREMENT, AUTO_INCREMENT=5;

--
-- AUTO_INCREMENT for table `products`
--
ALTER TABLE `products`
  MODIFY `id` int(10) UNSIGNED NOT NULL AUTO_INCREMENT, AUTO_INCREMENT=51;

--
-- AUTO_INCREMENT for table `reviews`
--
ALTER TABLE `reviews`
  MODIFY `id` int(10) UNSIGNED NOT NULL AUTO_INCREMENT, AUTO_INCREMENT=151;

--
-- AUTO_INCREMENT for table `users`
--
ALTER TABLE `users`
  MODIFY `id` int(10) UNSIGNED NOT NULL AUTO_INCREMENT;

--
-- Constraints for dumped tables
--

--
-- Constraints for table `reviews`
--
ALTER TABLE `reviews`
  ADD CONSTRAINT `reviews_product_id_foreign` FOREIGN KEY (`product_id`) REFERENCES `products` (`id`) ON DELETE CASCADE;
COMMIT;

/*!40101 SET CHARACTER_SET_CLIENT=@OLD_CHARACTER_SET_CLIENT */;
/*!40101 SET CHARACTER_SET_RESULTS=@OLD_CHARACTER_SET_RESULTS */;
/*!40101 SET COLLATION_CONNECTION=@OLD_COLLATION_CONNECTION */;
